{
    "Facebook": {
        "email": "SpyridonCoryell@protonmail.com",
        "password": "#EvJNE40gwk8$Jm"
    },
    "mypythonemail@gmail.com": {
        "email": "SpyridonCoryell@protonmail.com",
        "password": "4H15Gl0ry"
    },
    "mypythonemail41@yahoo.com": {
        "email": "SpyridonCoryell@protonmail.com",
        "password": "PW(5pt+!gVG0#W6"
    },
    "pythonanywhere": {
        "email": "SpyridonCoryell@protonmail.com",
        "password": "Y7r&8Rf6LwKC5f!"
    },
    "openweathermap": {
        "email": "SpyridonCoryell@protonmail.com",
        "password": "b9D19U8FX+AwZ!Z"
    }
}